id,ts_utc,batch,setup_no,symbol,direction,entry,tp1,tp2,sl,score,hit_rate,analogues,regime,confirmation,agreement,outcome,final,t_hit_utc,mins,tp1_t_utc,mae_pips,mfe_pips,back_to_entry,note
1,2026-09-29T18:46:51+00:00,EVENING,1,AUDJPY,SELL,109.86,109.57,109.3,110.11,68,74.4,86,BEARISH / NORMAL,0,0,TP2,1,2026-09-30T01:34:00+00:00,407.15,2026-09-30T01:30:00+00:00,18.9,57.2,0.0,
2,2026-09-29T18:46:51+00:00,EVENING,2,EURJPY,SELL,178.29,177.93,177.6,178.59,67,73.7,76,BEARISH / NORMAL,0,0,TP2,1,2026-09-30T02:10:00+00:00,443.15,2026-09-30T01:19:00+00:00,27.5,75.7,0.0,
4,2026-09-29T18:46:51+00:00,EVENING,4,GBPJPY,SELL,208.02,207.64,207.27,208.35,66,65.9,82,BEARISH / NORMAL,0,0,TP2,1,2026-09-30T01:41:00+00:00,414.15,2026-09-30T01:18:00+00:00,28.2,82.3,0.0,
3,2026-09-29T18:46:51+00:00,EVENING,3,NATGAS,SELL,3.012,2.97256,2.93483,3.0463,67,34.7,49,BULLISH / HIGH,0,0,SL,1,2026-09-30T10:45:00+00:00,958.15,,37.0,5.0,,
8,2026-09-30T15:05:13+00:00,AFTERNOON,4,AUDUSD,SELL,0.69604,0.69462,0.69326,0.69727,68,63.5,156,BEARISH / NORMAL,2,67,TP2,1,2026-10-01T14:51:00+00:00,1425.7833333333333,2026-09-30T20:20:00+00:00,2.0,30.4,0.0,
6,2026-09-30T15:05:13+00:00,AFTERNOON,2,EURCHF,BUY,0.94781,0.94943,0.95099,0.9464,70,77.6,116,BULLISH / NORMAL,0,0,SL,1,2026-09-30T16:10:00+00:00,64.78333333333333,,15.9,3.9,,
5,2026-09-30T15:05:13+00:00,AFTERNOON,1,USDCAD,BUY,1.41962,1.42175,1.42379,1.41776,73,69.6,135,BULLISH / NORMAL,5,100,TP2,1,2026-10-01T00:16:00+00:00,550.7833333333333,2026-09-30T16:04:00+00:00,5.2,41.8,0.0,
7,2026-09-30T15:05:13+00:00,AFTERNOON,3,USDCHF,BUY,0.83455,0.8363,0.83797,0.83303,69,67.2,116,BULLISH / NORMAL,2,50,TP2,1,2026-10-01T06:40:00+00:00,934.7833333333333,2026-10-01T02:05:00+00:00,4.4,36.4,0.0,
9,2026-09-30T18:31:04+00:00,EVENING,1,EURUSD,SELL,1.13366,1.13209,1.13058,1.13502,75,66.4,131,BEARISH / NORMAL,8,100,TP2,1,2026-10-01T07:31:00+00:00,779.9333333333333,2026-10-01T05:02:00+00:00,4.8,33.3,0.0,
10,2026-09-30T18:31:04+00:00,EVENING,2,NZDUSD,SELL,0.56354,0.56238,0.56128,0.56454,75,68.6,153,BEARISH / NORMAL,8,100,TP2,1,2026-10-01T07:25:00+00:00,773.9333333333333,2026-10-01T02:07:00+00:00,6.4,25.0,0.0,
11,2026-09-30T18:31:04+00:00,EVENING,3,USDCAD,BUY,1.42248,1.42468,1.42678,1.42057,71,69.6,135,BULLISH / NORMAL,3,50,TP1_THEN_SL,1,2026-10-02T06:07:00+00:00,2135.9333333333334,2026-10-01T03:23:00+00:00,19.8,38.0,1.0,
12,2026-09-30T18:31:04+00:00,EVENING,4,USDCHF,BUY,0.83538,0.837,0.83856,0.83397,69,67.2,116,BULLISH / NORMAL,2,50,TP1_THEN_SL,1,2026-10-01T07:47:00+00:00,795.9333333333333,2026-10-01T06:27:00+00:00,16.5,28.6,1.0,
16,2026-10-01T15:34:26+00:00,AFTERNOON,4,AUDUSD,SELL,0.69142,0.68993,0.6885,0.69272,68,63.6,22,BEARISH / NORMAL,4,100,SL,1,2026-10-01T17:25:00+00:00,110.56666666666666,,14.4,7.2,,
15,2026-10-01T15:34:26+00:00,AFTERNOON,3,COPPER,SELL,6.569,6.52267,6.47835,6.60929,69,58.3,103,RANGE / NORMAL,4,100,TP1_THEN_SL,1,2026-10-02T07:57:00+00:00,982.5666666666667,2026-10-02T01:39:00+00:00,43.0,49.0,1.0,
14,2026-10-01T15:34:26+00:00,AFTERNOON,2,GBPUSD,SELL,1.31977,1.3172,1.31474,1.322,75,68.5,111,BEARISH / NORMAL,8,100,SL,1,2026-10-02T06:34:00+00:00,899.5666666666667,,22.4,16.4,,
13,2026-10-01T15:34:26+00:00,AFTERNOON,1,NZDUSD,SELL,0.56029,0.55897,0.55771,0.56143,77,73.2,149,BEARISH / NORMAL,8,100,TP1_THEN_SL,1,2026-10-02T04:02:00+00:00,747.5666666666667,2026-10-02T01:32:00+00:00,12.0,14.4,1.0,
120,2026-10-01T18:58:45+00:00,EVENING,4,DJI,SELL,50903.89,50643.03,50393.52,51130.72,66,80.0,45,BEARISH / NORMAL,0,0,SL,1,2026-10-02T13:30:00+00:00,1111.25,,396.4,17.4,,
18,2026-10-01T18:58:45+00:00,EVENING,2,DXY,BUY,102.08,102.3,102.5,101.9,68,70.6,143,BULLISH / NORMAL,0,0,SL,1,2026-10-02T04:32:00+00:00,573.25,,1810.0,520.0,,
17,2026-10-01T18:58:45+00:00,EVENING,1,EURGBP,SELL,0.85179,0.8505,0.84926,0.85292,68,72.6,84,BEARISH / HIGH,0,0,TP1_ONLY,1,,,2026-10-02T11:03:00+00:00,10.1,23.7,1.0,
19,2026-10-01T18:58:45+00:00,EVENING,3,EURJPY,SELL,177.62,177.09,176.58,178.09,66,68.0,75,BEARISH / NORMAL,0,0,TP1_ONLY,1,,,2026-10-02T10:20:00+00:00,30.0,102.5,1.0,
124,2026-10-02T14:52:04+00:00,AFTERNOON,4,GBPJPY,BUY,208.79,209.32,209.82,208.33,65,26.6,79,BEARISH / NORMAL,0,0,SL,1,2026-10-05T06:37:00+00:00,3824.9333333333334,,53.3,31.4,,
123,2026-10-02T14:52:04+00:00,AFTERNOON,3,NASDAQ,BUY,27312.69,27498.04,27675.33,27151.52,70,77.9,172,BULLISH / NORMAL,0,0,DATA_MISMATCH,1,,,,,,,feed 30924.228515625 vs signal entry 27312.69
122,2026-10-02T14:52:04+00:00,AFTERNOON,2,NATGAS,BUY,3.009,3.0416,3.07278,2.98065,70,55.6,45,BULLISH / HIGH,0,0,TP1_ONLY,1,,,2026-10-02T18:08:00+00:00,25.0,59.0,1.0,
121,2026-10-02T14:52:04+00:00,AFTERNOON,1,VIX,SELL,15.42,14.885,14.373,15.885,78,85.6,139,BEARISH / NORMAL,0,0,SL,1,2026-10-05T07:15:00+00:00,3862.9333333333334,,83.0,12.0,,
127,2026-10-02T18:35:59+00:00,EVENING,3,EURGBP,SELL,0.85009,0.84906,0.84807,0.85099,69,73.2,142,BEARISH / NORMAL,0,0,TP2,1,2026-10-05T02:28:00+00:00,3352.016666666667,2026-10-05T01:22:00+00:00,1.3,22.2,0.0,
128,2026-10-02T18:35:59+00:00,EVENING,4,SPX,BUY,7718.5,7755.9,7791.68,7685.98,69,76.6,184,BULLISH / NORMAL,0,0,TP1_ONLY,1,,,2026-10-05T14:20:00+00:00,2.4,63.5,0.0,
126,2026-10-02T18:35:59+00:00,EVENING,2,UKOIL,BUY,102.61,104.04,105.42,101.36,71,77.2,92,BULLISH / NORMAL,2,100,SL,1,2026-10-05T02:04:00+00:00,3328.016666666667,,129.0,35.0,,
125,2026-10-02T18:35:59+00:00,EVENING,1,USDCAD,BUY,1.42578,1.42812,1.43036,1.42375,73,79.2,24,BULLISH / LOW,8,100,TP1_THEN_SL,1,2026-10-05T09:10:00+00:00,3754.016666666667,2026-10-05T02:52:00+00:00,20.8,35.8,1.0,
130,2026-10-05T17:17:16+00:00,EVENING,2,GBPUSD,SELL,1.32092,1.31877,1.31672,1.32278,68,70.8,113,BEARISH / NORMAL,8,100,SL,1,2026-10-06T01:09:00+00:00,471.73333333333335,,18.6,0.6,,
129,2026-10-05T17:17:16+00:00,EVENING,1,NASDAQ,BUY,27438.95,27591.59,27737.59,27306.22,69,75.5,155,BULLISH / NORMAL,0,0,DATA_MISMATCH,1,,,,,,,feed 31019.49609375 vs signal entry 27438.95
132,2026-10-05T17:17:16+00:00,EVENING,4,SPX,BUY,7771.78,7804.16,7835.13,7743.63,68,72.5,171,BULLISH / NORMAL,0,0,TP2,1,2026-10-06T15:05:00+00:00,1307.7333333333333,2026-10-06T13:30:00+00:00,3.4,64.7,0.0,
131,2026-10-05T17:17:16+00:00,EVENING,3,XAUUSD,SELL,4157.3,4134.01,4111.72,4177.56,68,69.1,81,BEARISH / NORMAL,1,50,SL,1,2026-10-06T00:59:00+00:00,461.73333333333335,,216.0,38.0,,
135,2026-10-06T15:21:59+00:00,AFTERNOON,3,GBPCHF,BUY,1.10312,1.10537,1.10752,1.10116,54,65.8,79,BULLISH / HIGH,0,0,SL,1,2026-10-07T10:06:00+00:00,1124.0166666666667,,21.0,14.8,,
133,2026-10-06T15:21:59+00:00,AFTERNOON,1,NATGAS,BUY,3.105,3.1353,3.16428,3.07865,65,66.0,50,BULLISH / HIGH,0,0,TP2,1,2026-10-07T07:23:00+00:00,961.0166666666667,2026-10-07T00:57:00+00:00,15.0,60.0,0.0,
134,2026-10-06T15:21:59+00:00,AFTERNOON,2,VIX,SELL,15.35,15.088,14.838,15.578,65,57.9,126,BEARISH / NORMAL,0,0,TP1_THEN_SL,1,2026-10-07T10:19:00+00:00,1137.0166666666667,2026-10-06T16:28:00+00:00,23.0,39.0,1.0,
137,2026-10-06T18:59:16+00:00,EVENING,2,NASDAQ,BUY,27648.35,27779.97,27905.87,27533.89,67,68.0,175,BULLISH / NORMAL,0,0,DATA_MISMATCH,1,,,,,,,feed 31285.341796875 vs signal entry 27648.35
136,2026-10-06T18:59:16+00:00,EVENING,1,SPX,BUY,7828.36,7858.42,7887.18,7802.22,68,70.5,183,BULLISH / NORMAL,0,0,SL,1,2026-10-07T13:30:00+00:00,1110.7333333333333,,45.3,2.4,,
139,2026-10-06T18:59:16+00:00,EVENING,4,UKOIL,BUY,100.8,102.0,103.15,99.757,54,62.7,83,RANGE / NORMAL,0,0,TP1_ONLY,0,,,2026-10-07T09:16:00+00:00,6.0,179.0,0.0,
138,2026-10-06T18:59:16+00:00,EVENING,3,VIX,SELL,15.04,14.772,14.516,15.273,65,57.9,126,BEARISH / NORMAL,0,0,SL,1,2026-10-07T07:55:00+00:00,775.7333333333333,,24.0,8.0,,
